{"cameraMode":{"drawMode":0,"name":"Shaded","section":"Shading Mode"},"sceneLighting":true,"audioPlay":false,"sceneViewState":{"showFog":true,"showMaterialUpdate":false,"showSkybox":true,"showFlares":true,"showImageEffects":true,"showParticleSystems":true},"in2DMode":false,"pivot":{"x":99.22409057617188,"y":-188.5767822265625,"z":36.21886444091797},"rotation":{"x":-0.40350961685180666,"y":-0.526786208152771,"z":0.31278035044670107,"w":-0.6795916557312012},"size":230.11766052246095,"orthographic":false}